<?xml version="1.0" encoding="UTF-8"?>
<GenRun Id="synth_1" LaunchPart="xc7z010clg400-1" LaunchTime="1455578305">
  <File Type="RDS-DCP" Name="system_wrapper.dcp"/>
  <File Type="RUN-CONSTRS" Name="$PDATADIR/runs/synth_1/constrs_in.xml"/>
  <File Type="RDS-UTIL-PB" Name="system_wrapper_utilization_synth.pb"/>
  <File Type="RUN-SRCS" Name="$PDATADIR/runs/synth_1/sources.xml"/>
  <File Type="RDS-PROPCONSTRS" Name="system_wrapper_drc_synth.rpt"/>
  <File Type="PA-TCL" Name="system_wrapper.tcl"/>
  <File Type="RUN-STRAT" Name="$PDATADIR/runs/synth_1/synth_1.psg"/>
  <File Type="RDS-RDS" Name="system_wrapper.vds"/>
  <File Type="RDS-UTIL" Name="system_wrapper_utilization_synth.rpt"/>
  <File Type="VDS-TIMINGSUMMARY" Name="system_wrapper_timing_summary_synth.rpt"/>
  <File Type="VDS-TIMING-PB" Name="system_wrapper_timing_summary_synth.pb"/>
  <FileSet Name="sources" Type="DesignSrcs" RelSrcDir="$PSRCDIR/sources_1">
    <Filter Type="Srcs"/>
    <File Path="$PSRCDIR/sources_1/bd/system/system.bd">
      <FileInfo>
        <Attr Name="UsedIn" Val="synthesis"/>
        <Attr Name="UsedIn" Val="implementation"/>
        <Attr Name="UsedIn" Val="simulation"/>
      </FileInfo>
    </File>
    <File Path="$PSRCDIR/sources_1/bd/system/hdl/system_wrapper.vhd">
      <FileInfo>
        <Attr Name="UsedIn" Val="synthesis"/>
        <Attr Name="UsedIn" Val="simulation"/>
      </FileInfo>
    </File>
    <File Path="$PSRCDIR/sources_1/bd/system/ip/system_BTNs_4Bits_0/system_BTNs_4Bits_0.upgrade_log"/>
    <File Path="$PSRCDIR/sources_1/bd/system/ip/system_LEDs_4Bits_1/system_LEDs_4Bits_1.upgrade_log"/>
    <File Path="$PSRCDIR/sources_1/bd/system/ip/system_SWs_4Bits_2/system_SWs_4Bits_2.upgrade_log"/>
    <File Path="$PSRCDIR/sources_1/bd/system/ip/system_axi_mem_intercon_0/system_axi_mem_intercon_0.upgrade_log"/>
    <File Path="$PSRCDIR/sources_1/bd/system/ip/system_axi_protocol_converter_0_0/system_axi_protocol_converter_0_0.upgrade_log"/>
    <File Path="$PSRCDIR/sources_1/bd/system/ip/system_axi_vdma_0_0/system_axi_vdma_0_0.upgrade_log"/>
    <File Path="$PSRCDIR/sources_1/bd/system/ip/system_axi_vdma_1_1/system_axi_vdma_1_1.upgrade_log"/>
    <File Path="$PSRCDIR/sources_1/bd/system/ip/system_ground_0/system_ground_0.upgrade_log"/>
    <File Path="$PSRCDIR/sources_1/bd/system/ip/system_processing_system7_0_0/system_processing_system7_0_0.upgrade_log"/>
    <File Path="$PSRCDIR/sources_1/bd/system/ip/system_processing_system7_0_axi_periph_2/system_processing_system7_0_axi_periph_2.upgrade_log"/>
    <File Path="$PSRCDIR/sources_1/bd/system/ip/system_vdd_1/system_vdd_1.upgrade_log"/>
    <File Path="$PSRCDIR/sources_1/bd/system/ip/system_xlconstant_0_2/system_xlconstant_0_2.upgrade_log"/>
    <File Path="$PSRCDIR/sources_1/bd/system/ip/system_SpektrumRadioController_0_0/system_SpektrumRadioController_0_0.upgrade_log"/>
    <File Path="$PSRCDIR/sources_1/bd/system/ip/system_motors_0_0/system_motors_0_0.upgrade_log"/>
    <File Path="$PSRCDIR/sources_1/bd/system/ip/system_MPU_9150_0_0/system_MPU_9150_0_0.upgrade_log"/>
    <Config>
      <Option Name="DesignMode" Val="RTL"/>
      <Option Name="TopModule" Val="system_wrapper"/>
      <Option Name="TopAutoSet" Val="TRUE"/>
    </Config>
  </FileSet>
  <FileSet Name="constrs_in" Type="Constrs" RelSrcDir="$PSRCDIR/constrs_1">
    <Filter Type="Constrs"/>
    <File Path="$PSRCDIR/constrs_1/new/base.xdc">
      <FileInfo>
        <Attr Name="UsedIn" Val="synthesis"/>
        <Attr Name="UsedIn" Val="implementation"/>
      </FileInfo>
    </File>
    <Config>
      <Option Name="TargetConstrsFile" Val="$PSRCDIR/constrs_1/new/base.xdc"/>
      <Option Name="ConstrsType" Val="XDC"/>
    </Config>
  </FileSet>
  <Strategy Version="1" Minor="2">
    <StratHandle Name="Vivado Synthesis Defaults" Flow="Vivado Synthesis 2013"/>
    <Step Id="synth_design"/>
  </Strategy>
</GenRun>
