<?xml version="1.0" encoding="UTF-8"?>
<GenRun Id="impl_1" LaunchPart="xc7z010clg400-1" LaunchTime="1455578306">
  <File Type="OPT-DCP" Name="system_wrapper_opt.dcp"/>
  <File Type="RUN-CONSTRS" Name="$PDATADIR/runs/impl_1/constrs_in.xml"/>
  <File Type="RUN-SRCS" Name="$PDATADIR/runs/impl_1/sources.xml"/>
  <File Type="PWROPT-DCP" Name="system_wrapper_pwropt.dcp"/>
  <File Type="ROUTE-DCP" Name="system_wrapper_routed.dcp"/>
  <File Type="PA-TCL" Name="system_wrapper.tcl"/>
  <File Type="RUN-STRAT" Name="$PDATADIR/runs/impl_1/impl_1.psg"/>
  <File Type="OPT-DRC" Name="system_wrapper_drc_opted.rpt"/>
  <File Type="PWROPT-DRC" Name="system_wrapper_drc_pwropted.rpt"/>
  <File Type="OPT-HWDEF" Name="system_wrapper.hwdef"/>
  <File Type="PLACE-DCP" Name="system_wrapper_placed.dcp"/>
  <File Type="PLACE-IO" Name="system_wrapper_io_placed.rpt"/>
  <File Type="PLACE-CLK" Name="system_wrapper_clock_utilization_placed.rpt"/>
  <File Type="PLACE-UTIL" Name="system_wrapper_utilization_placed.rpt"/>
  <File Type="PLACE-UTIL-PB" Name="system_wrapper_utilization_placed.pb"/>
  <File Type="PLACE-CTRL" Name="system_wrapper_control_sets_placed.rpt"/>
  <File Type="PLACE-SIMILARITY" Name="system_wrapper_incremental_reuse_placed.rpt"/>
  <File Type="PLACE-PRE-SIMILARITY" Name="system_wrapper_incremental_reuse_pre_placed.rpt"/>
  <File Type="POSTPLACE-PWROPT-DCP" Name="system_wrapper_postplace_pwropt.dcp"/>
  <File Type="PHYSOPT-DCP" Name="system_wrapper_physopt.dcp"/>
  <File Type="RDI-RDI" Name="system_wrapper.vdi"/>
  <File Type="PHYSOPT-DRC" Name="system_wrapper_drc_physopted.rpt"/>
  <File Type="ROUTE-DRC" Name="system_wrapper_drc_routed.rpt"/>
  <File Type="ROUTE-DRC-PB" Name="system_wrapper_drc_routed.pb"/>
  <File Type="ROUTE-PWR" Name="system_wrapper_power_routed.rpt"/>
  <File Type="ROUTE-PWR-SUM" Name="system_wrapper_power_summary_routed.pb"/>
  <File Type="ROUTE-STATUS" Name="system_wrapper_route_status.rpt"/>
  <File Type="ROUTE-STATUS-PB" Name="system_wrapper_route_status.pb"/>
  <File Type="ROUTE-TIMINGSUMMARY" Name="system_wrapper_timing_summary_routed.rpt"/>
  <File Type="ROUTE-TIMING-PB" Name="system_wrapper_timing_summary_routed.pb"/>
  <File Type="ROUTE-TIMING-RPX" Name="system_wrapper_timing_summary_routed.rpx"/>
  <File Type="ROUTE-SIMILARITY" Name="system_wrapper_incremental_reuse_routed.rpt"/>
  <File Type="ROUTE-CLK" Name="system_wrapper_clock_utilization_routed.rpt"/>
  <File Type="POSTROUTE-PHYSOPT-DCP" Name="system_wrapper_postroute_physopt.dcp"/>
  <File Type="POSTROUTE-PHYSOPT-TIMING" Name="system_wrapper_timing_summary_postroute_physopted.rpt"/>
  <File Type="POSTROUTE-PHYSOPT-TIMING-PB" Name="system_wrapper_timing_summary_postroute_physopted.pb"/>
  <File Type="POSTROUTE-PHYSOPT-TIMING-RPX" Name="system_wrapper_timing_summary_postroute_physopted.rpx"/>
  <File Type="BG-BIT" Name="system_wrapper.bit"/>
  <File Type="BG-BIN" Name="system_wrapper.bin"/>
  <File Type="BITSTR-MSK" Name="system_wrapper.msk"/>
  <File Type="BITSTR-RBT" Name="system_wrapper.rbt"/>
  <File Type="BITSTR-NKY" Name="system_wrapper.nky"/>
  <File Type="BITSTR-BMM" Name="system_wrapper_bd.bmm"/>
  <File Type="BITSTR-MMI" Name="system_wrapper.mmi"/>
  <File Type="BITSTR-SYSDEF" Name="system_wrapper.sysdef"/>
  <File Type="BG-BGN" Name="system_wrapper.bgn"/>
  <File Type="BG-DRC" Name="system_wrapper.drc"/>
  <File Type="WBT-USG" Name="usage_statistics_webtalk.html"/>
  <FileSet Name="sources" Type="DesignSrcs" RelSrcDir="$PSRCDIR/sources_1">
    <Filter Type="Srcs"/>
    <File Path="$PSRCDIR/sources_1/bd/system/system.bd">
      <FileInfo>
        <Attr Name="UsedIn" Val="synthesis"/>
        <Attr Name="UsedIn" Val="implementation"/>
        <Attr Name="UsedIn" Val="simulation"/>
      </FileInfo>
    </File>
    <File Path="$PSRCDIR/sources_1/bd/system/hdl/system_wrapper.vhd">
      <FileInfo>
        <Attr Name="UsedIn" Val="synthesis"/>
        <Attr Name="UsedIn" Val="simulation"/>
      </FileInfo>
    </File>
    <File Path="$PSRCDIR/sources_1/bd/system/ip/system_BTNs_4Bits_0/system_BTNs_4Bits_0.upgrade_log"/>
    <File Path="$PSRCDIR/sources_1/bd/system/ip/system_LEDs_4Bits_1/system_LEDs_4Bits_1.upgrade_log"/>
    <File Path="$PSRCDIR/sources_1/bd/system/ip/system_SWs_4Bits_2/system_SWs_4Bits_2.upgrade_log"/>
    <File Path="$PSRCDIR/sources_1/bd/system/ip/system_axi_mem_intercon_0/system_axi_mem_intercon_0.upgrade_log"/>
    <File Path="$PSRCDIR/sources_1/bd/system/ip/system_axi_protocol_converter_0_0/system_axi_protocol_converter_0_0.upgrade_log"/>
    <File Path="$PSRCDIR/sources_1/bd/system/ip/system_axi_vdma_0_0/system_axi_vdma_0_0.upgrade_log"/>
    <File Path="$PSRCDIR/sources_1/bd/system/ip/system_axi_vdma_1_1/system_axi_vdma_1_1.upgrade_log"/>
    <File Path="$PSRCDIR/sources_1/bd/system/ip/system_ground_0/system_ground_0.upgrade_log"/>
    <File Path="$PSRCDIR/sources_1/bd/system/ip/system_processing_system7_0_0/system_processing_system7_0_0.upgrade_log"/>
    <File Path="$PSRCDIR/sources_1/bd/system/ip/system_processing_system7_0_axi_periph_2/system_processing_system7_0_axi_periph_2.upgrade_log"/>
    <File Path="$PSRCDIR/sources_1/bd/system/ip/system_vdd_1/system_vdd_1.upgrade_log"/>
    <File Path="$PSRCDIR/sources_1/bd/system/ip/system_xlconstant_0_2/system_xlconstant_0_2.upgrade_log"/>
    <File Path="$PSRCDIR/sources_1/bd/system/ip/system_SpektrumRadioController_0_0/system_SpektrumRadioController_0_0.upgrade_log"/>
    <File Path="$PSRCDIR/sources_1/bd/system/ip/system_motors_0_0/system_motors_0_0.upgrade_log"/>
    <File Path="$PSRCDIR/sources_1/bd/system/ip/system_MPU_9150_0_0/system_MPU_9150_0_0.upgrade_log"/>
    <Config>
      <Option Name="DesignMode" Val="RTL"/>
      <Option Name="TopModule" Val="system_wrapper"/>
      <Option Name="TopAutoSet" Val="TRUE"/>
    </Config>
  </FileSet>
  <FileSet Name="constrs_in" Type="Constrs" RelSrcDir="$PSRCDIR/constrs_1">
    <Filter Type="Constrs"/>
    <File Path="$PSRCDIR/constrs_1/new/base.xdc">
      <FileInfo>
        <Attr Name="UsedIn" Val="synthesis"/>
        <Attr Name="UsedIn" Val="implementation"/>
      </FileInfo>
    </File>
    <Config>
      <Option Name="TargetConstrsFile" Val="$PSRCDIR/constrs_1/new/base.xdc"/>
      <Option Name="ConstrsType" Val="XDC"/>
    </Config>
  </FileSet>
  <Strategy Version="1" Minor="2">
    <StratHandle Name="Vivado Implementation Defaults" Flow="Vivado Implementation 2013"/>
    <Step Id="init_design"/>
    <Step Id="opt_design"/>
    <Step Id="power_opt_design"/>
    <Step Id="place_design"/>
    <Step Id="post_place_power_opt_design"/>
    <Step Id="phys_opt_design"/>
    <Step Id="route_design"/>
    <Step Id="write_bitstream"/>
  </Strategy>
</GenRun>
